Name;URL;Emails
Avalike ürituste korraldajate liit;https://www.liit.ee/;1247@1247.ee, info@liit.ee, info@ttja.ee
Eesti Mustkunstnike Liit;http://mustkunst.ee/;info@mustkunst.ee
Turundajate Liit (TULI);https://www.turundajateliit.ee/;info@turundajateliit.ee, vasb@ghehaqnwngryvvg.rr
Amazing Productions;http://amazing.ee/;info@amazing.ee
Broadline;https://www.broadline.ee/;info@broadline.ee
Elamuspank;http://www.elamuspank.ee/;info@elamuspank.ee
Elamusstuudio;https://www.elamusstuudio.ee/;18d2f96d279149989b95faf0a4b41882@sentry-next.wixpress.com, 5d1795a2db124a268f1e1bd88f503500@sentry.wixpress.com, 605a7baede844d278b89dc95ae0a9123@sentry-next.wixpress.com, 8eb368c655b84e029ed79ad7a5c1718e@sentry.wixpress.com, eliise@elamusstuudio.ee, info@elamusstuudio.ee, jarl@elamusstuudio.ee, mihkel@elamusstuudio.ee, pillerin@elamusstuudio.ee, taavi@elamusstuudio.ee
Frank Events;https://frankevents.ee/;info@frankevents.ee
ID Production;http://idp.ee/;Не найдено
Jolos;http://jolos.eu/;hello@jolos.eu
Live Agentuur;https://liveagentuur.ee/;angelina@liveagentuur.ee, info@liveagentuur.ee, jane@liveagentuur.ee, kaili@liveagentuur.ee, kairit@liveagentuur.ee
Milestone Media;https://www.milestonesys.com/;Не найдено
Miltton Events;https://milttonevents.ee/;info@milttonevents.ee
Orangetime Event;https://orangetime.ee/;mail@orangetime.ee
Vool Events;https://www.facebook.com/voolevents/?locale=et_EE;Facebook (пропущено)
Winston Wolf;http://www.winstonwolf.eu/;egle@winstonwolf.eu, helen@winstonwolf.eu, kadri@winstonwolf.eu, kelly@winstonwolf.eu, kristjan@winstonwolf.eu, mart@winstonwolf.eu
Wow Events;https://www.wowevents.eu/;%20info@wowevents.eu, info@wowevents.ee, info@wowevents.eu
Adorable (Egerta.ee);http://www.egerta.ee/;egerta@egerta.ee
AGT Stuudio;http://www.agtstuudio.ee/;gatlin@agtstuudio.ee
Allegro MW (Mõrva Müsteerium);http://mysteerium.ee/;info@mysteerium.ee
Almaz;http://almaz-company.pro/;Rating@Mail.ru, info@almaz-company.pro
Amore Pulmateenindus;http://www.amore.ee/;info@amore.ee
BrizFest;http://brizfest.ee/;malbetuul@gmail.com
Call Event;http://www.callevent.ee/;Не найдено
Celebrate;https://www.celebrategroup.ee/;info@celebrategroup.ee
Chandelier Group (Createvents);https://createvents.ee/;createvents@createvents.ee
Dance Factory;https://www.facebook.com/dancefactory.ee;Facebook (пропущено)
Dream Solutions;http://www.dreamsolutions.ee/;605a7baede844d278b89dc95ae0a9123@sentry-next.wixpress.com, 8eb368c655b84e029ed79ad7a5c1718e@sentry.wixpress.com, 9a65e97ebe8141fca0c4fd686f70996b@sentry.wixpress.com, c183baa23371454f99f417f6616b724d@sentry.wixpress.com, dd0a55ccb8124b9c9d938e3acf41f8aa@sentry.wixpress.com, info@dreamsolutions.ee
Eesti Artistide Agentuur;https://www.eestiaa.ee/;Не найдено
Elamusmängud;http://www.xn--elamusmngud-r8a.ee/;taimo@elamusmangud.ee
Elamusvõlur;https://www.facebook.com/elamusvolur;Facebook (пропущено)
Ellensburg (Inga Sule Stuudio);https://ingasule.ee/;inga.sule@gmail.com
Estfish;http://estfish.ee/;info@estfish.ee
ET Programmid;https://etpeokorraldus.ee/;info@etpeokorraldus.ee
EventLab;https://eventlab.ee/;info@eventlab.ee
Eventrum;https://www.eventrun.ee/;605a7baede844d278b89dc95ae0a9123@sentry-next.wixpress.com, 88170cb0c9d64f94b5821ca7fd2d55a4@sentry-next.wixpress.com, 8c4075d5481d476e945486754f783364@sentry.io, 8eb368c655b84e029ed79ad7a5c1718e@sentry.wixpress.com, c183baa23371454f99f417f6616b724d@sentry.wixpress.com, dd0a55ccb8124b9c9d938e3acf41f8aa@sentry.wixpress.com, info@eventrun.ee
EventSecurity Turvateenistus;https://www.eventsec.ee/;andmekaitse@eventsec.ee, info@eventSEC.ee, info@eventsec.ee
Fan Artists;http://fanartists.ee/;%20fanartists@fanartists.ee, fanartists@fanartists.ee
Fantaasia Peokorraldus;https://www.fantaasiapeokorraldus.ee/;Не найдено
Fiesta Latina;http://www.fiestalatina.ee/;jorgehinojosaestonia@gmail.com
Flash Art Party;https://flashart.ee/;hello@flashart.ee
Free Wave;http://www.freewave.ee/;age@freewave.ee, info@freewave.ee
Fun and Games;https://funandgames.ee/;asukoht@email.com, info@funandgames.ee, rain.tsapov@hotmail.com
Generic Entertainment Trading Company;http://www.korraldajad.ee/;info@korraldajad.ee
Hansatours;http://www.hansatours.ee/;Не найдено
Happening;http://www.happening.ee/;Не найдено
Helge Kodu;https://www.helgekodu.ee/;helgekodu@gmail.com
Hype-Lab;https://www.hype.ee/;605a7baede844d278b89dc95ae0a9123@sentry-next.wixpress.com, 8eb368c655b84e029ed79ad7a5c1718e@sentry.wixpress.com, andreas@hype.ee, bfb679c754744c58a7374ee6e25cfc13@sentry.wixpress.com, brigita@hype.ee, henri@henrikuusk.com, info@hype.ee, kristiina@hype.ee, liisa@hype.ee, neeme@hype.ee, paul@hype.ee, sandra@hype.ee, veiko@hype.ee
Ideepuu;http://www.ideepuu.ee/;info@ideepuu.ee
Jagi (Jakob Gill);https://www.pulmaisajakob.ee/;info@pulmaisajakob.ee, wordpress@pulmaisajakob.ee
Katipidu (Peojuhid.ee);http://peojuhid.ee/;info@peojuhid.ee
Kaunis Events;https://www.kaunisevents.com/;info@kaunisevents.com
Kink & Co (Partner in Wine);https://www.partnerinwine.ee/;605a7baede844d278b89dc95ae0a9123@sentry-next.wixpress.com, 8c4075d5481d476e945486754f783364@sentry.io, 8eb368c655b84e029ed79ad7a5c1718e@sentry.wixpress.com, c183baa23371454f99f417f6616b724d@sentry.wixpress.com, dd0a55ccb8124b9c9d938e3acf41f8aa@sentry.wixpress.com
Kirss Garden (Kirss Tordil);https://www.kirsstordil.ee/;kirssjaan@gmail.com, user@domain.com
Kokakool;http://www.kokakool.eu/;info@kook.fi
Kolm Põrsakest;http://kolmporsakest.ee/;info@kolmporsakest.ee
Kolm Õuna;http://www.kolmouna.ee/;info@kolmouna.ee
KP Partnerid (Seikluspartner);http://seikluspartner.ee/;Не найдено
Kultuuriguru;http://www.kultuuriguru.ee/;aarelepiksaar@kultuuriguru.ee, kultuuriguru@kultuuriguru.ee, maret@kultuuriguru.ee, marianlaur99@gmail.com
Kunstielamus;https://kunstielamus.ee/;info@kunstielamus.ee
Kurestiku;http://kurestiku.ee/;ahoi@vetevoog.ee, kurestiku@gmail.com
Kuusk;http://kuusk.ee/;kontor@kuusk.ee
Köögikompanii;https://koogikompanii.ee/;info@koogikompanii.ee
La Luna Peod;https://lalunapeod.ee/;info@lalunapeod.ee
Laagri Peokorraldus;https://laagripeokorraldus.ee/;Vracelaagri@gmail.com
Laesson & Partnerid (Tigutoit);http://www.tigutoit.ee/;koolitus@tigutoit.ee
Lambert Productions;http://www.lambertproductions.ee/;mait@lambertproductions.ee
Live Agentuur;https://www.liveevents.ee/;angelina@liveagentuur.ee, info@liveagentuur.ee, jane@liveagentuur.ee, kaili@liveagentuur.ee, kairit@liveagentuur.ee
Live Travel & Productions;https://livetravelprod.com/;info@livetravelprod.com
Loovisioon;https://loovisioon.ee/;alice@loovisioon.ee, halys@loovisioon.ee, info@loovisioon.ee, info@loovsioon.ee, katre@loovisioon.ee, kristiina@loovisioon.ee
Lumi Peokorraldus;http://www.lumipeokorraldus.ee/;Toomas@lumipeokorraldus.ee
Maru VR Productions;http://www.maruvr.ee/;Lilit.Palmar@maruVR.ee, Rein.Zobel@maruVR.ee, maru@maruVR.ee, riho.muuga@gmail.com
Marvex Production;https://marvex.ee/;arved@marvex.ee, birgit@marvex.ee, info@marvex.ee, margus@marvex.ee, toomas@marvex.ee
Meeleolusport;http://meeleolusport.ee/;info@meeleolusport.ee
Meigipeo üritused;https://meigipidu.ee/;meigipidu@gmail.com
ML Meelelahutus;https://martineero.site123.me/;martineero@gmail.com
Mur Mur Agentuur;http://www.mur-mur.ee/;info@mur-mur.ee
Muusikaaed;https://www.facebook.com/muusikaaed;Facebook (пропущено)
MyWorkshop;https://myworkshop.ee/;myworkshop27@gmail.com
Newera;https://www.newera.ee/;1eeb89147c984dc6bc3ffafd9e6cd089@sentry.wixpress.com, 2062d0a4929b45348643784b5cb39c36@sentry.wixpress.com, 271e9fa3230b4eec94b02bf95780f5f2@sentry.wixpress.com, 460ff4620fa44cba8df530afde949785@sentry.wixpress.com, 605a7baede844d278b89dc95ae0a9123@sentry-next.wixpress.com, 8c4075d5481d476e945486754f783364@sentry.io, 8eb368c655b84e029ed79ad7a5c1718e@sentry.wixpress.com, c183baa23371454f99f417f6616b724d@sentry.wixpress.com, dd0a55ccb8124b9c9d938e3acf41f8aa@sentry.wixpress.com, ed436f5053144538958ad06a5005e99a@sentry.wixpress.com, info@newera.ee
Nokitsejad (Jõulutrall.ee);https://www.joulutrall.ee/;ragnar@meego.ee
Optimist Live;https://www.optimistlive.ee/;18d2f96d279149989b95faf0a4b41882@sentry-next.wixpress.com, 5d1795a2db124a268f1e1bd88f503500@sentry.wixpress.com, 605a7baede844d278b89dc95ae0a9123@sentry-next.wixpress.com, 8eb368c655b84e029ed79ad7a5c1718e@sentry.wixpress.com, joosep@optimist.ee, laura@optimist.ee, liisamaria@optimist.ee, live@optimist.ee
Orangetime Event;https://orangetime.ee/;mail@orangetime.ee
Partyservice;http://www.partyservice.ee/;info@partyservice.ee
Pastatehas (Joka Stuudio);https://jokastuudio.ee/;info@jokastuudio.ee
Pastiko (Kristiina Laasi);https://kristiinalaasi.ee/;kunstipisik@gmail.com, kunstipisik@hotmail.com
Peoabi;http://www.peoabi.com/;info@peoabi.com, lukreezia@peoabi.com
Peoloog;http://www.peoloog.ee/;info@peoloog.ee, tonis@peoloog.ee
Peostaap (Silent Disco);https://silentdisco.ee/;info@silentdisco.ee
Pille Peokorraldus;https://pillepeokorraldus.ee/;marko@pillepeokorraldus.ee
Psühhobuss;https://www.psyhhobuss.ee/;2062d0a4929b45348643784b5cb39c36@sentry.wixpress.com, 271e9fa3230b4eec94b02bf95780f5f2@sentry.wixpress.com, 460ff4620fa44cba8df530afde949785@sentry.wixpress.com, 605a7baede844d278b89dc95ae0a9123@sentry-next.wixpress.com, 79baaa8e09c746d2b7401643b99792e0@sentry.wixpress.com, 8c4075d5481d476e945486754f783364@sentry.io, 8eb368c655b84e029ed79ad7a5c1718e@sentry.wixpress.com, 9a65e97ebe8141fca0c4fd686f70996b@sentry.wixpress.com, ed436f5053144538958ad06a5005e99a@sentry.wixpress.com, psyhhobuss@gmail.com
Quanna Events;https://quanna.ee/;info@quanna.ee
R & Reede Üritusturundusagentuur;http://www.yritusturundus.ee/;Не найдено
Reina Meelelahutus;https://reginaevert.com/;reina.meelelahutus@gmail.com
Reklin (Pidulastele.ee);http://pidulastele.ee/;info@pidulastele.ee
Rinardi (Meelelahutaja.ee);http://www.meelelahutaja.ee/;Не найдено
Rõõmulabor;http://www.roomulabor.ee/;info@roomulabor.ee
Sarabiya Raqs;https://sarabiya.ee/;info@sarabiya.ee
Sebra Sõbrad;http://sebra.ee/;Не найдено
Seiklusministeerium;http://www.seiklusministeerium.ee/;Joonas@seiklusministeerium.ee
Shiftworks;https://shiftworks.ee/;eva@tmw.ee, hannaliina@tmw.ee, helen@tmw.ee, indrek@tmw.ee, info@tmw.ee, ingrid@tmw.ee, jaane@tmw.ee, taavi@tmw.ee
Sinka (Örreke);https://www.orreke.ee/;info@orreke.ee
Skyworld Holding (Dinner in the Sky);https://www.dinnerinthesky.ee/;abi@veebimajutus.ee
Smarty;http://www.smarty.ee/;katre@smarty.ee
Softpup (Jõulukiri);http://www.joulukiri.ee/;Не найдено
Spinellos (Party Pro);http://www.partypro.ee/;helen@partypro.ee, info@partypro.ee, martti@partypro.ee
SS Entertainment;https://www.ssentertainment.ee/;605a7baede844d278b89dc95ae0a9123@sentry-next.wixpress.com, 8c4075d5481d476e945486754f783364@sentry.io, 8eb368c655b84e029ed79ad7a5c1718e@sentry.wixpress.com, c183baa23371454f99f417f6616b724d@sentry.wixpress.com, dd0a55ccb8124b9c9d938e3acf41f8aa@sentry.wixpress.com, ssumberg@hotmail.com, sven.sumberg@hot.ee
Sulg ja Kaabu;https://www.facebook.com/jahilo.ee;Facebook (пропущено)
Sumu;http://www.sumu.eu/;Не найдено
Tartu Tours (Lost fear);http://www.lostfear.ee/;info@lostfear.ee
Teaduse Imed;http://teaduseimed.eu/;focuscience@gmail.com, teaduspood@gmail.com
Tiimikas;https://www.tiimikas.ee/;emailTo@example.com, tugi@tiimikas.ee
Toktok;http://www.toktok.ee/;info@toktok.ee, veljo@toktok.ee
Transec;https://www.transec.ee/;info@transec.ee
Trummid Tules;https://trummishow.ee/;SIIM@TRUMMISHOW.EE, siim@trummishow.ee
Tõnnivakk;https://www.peielauad.com/;maarjamae@lossikohvikud.ee
Ultimate Entertainment (AfterDark);https://afterdark.ee/;Не найдено
Uulu kirik (Viiksur);https://uki.ee/;info@uki.ee
Valge Maja;http://www.valgemaja.ee/;Не найдено
Vein & Pintsel;https://veinjapintsel.ee/;veinjapintsel@gmail.com
Veladore;https://veladore.ee/;jane@veladore.ee
Vesterinen Group;https://vesterinen.ee/;%20info@vesterinen.ee, info@vesterinen.ee
Aare Rebban;https://aare.ee/;0818aare@aare.ee, aare@aare.ee
Aarne Pärn;http://aarneparn.weebly.com/;pulmaisaaarne@gmail.com
Aleksande Zamashka;https://www.facebook.com/aleksandrzamashka;Facebook (пропущено)
Andreas Jürimäe;https://andreasjurimae.ee/;mustkunst@andreasjurimae.ee
Andrei Pavlov;https://andreipavlov.eu/;mandrus51@gmail.com
Andres Torm;http://andrestorm.com/et;torm.andres@gmail.com
Andres Visnapuu;http://www.pulmavana.ee/;andres@visnapuu.eu
Anti Einpaul;http://www.anti.ee/;pidulik@anti.ee
Elika Hunt;https://ekeraamika.ee/;ekeraamika@gmail.com
Eve Niemi;http://www.eveningeve.com/;eve@eveningeve.com
Hannes Lents;https://pulmaisa.wordpress.com/;hannes@lents.eu
Heino Sinisalu;http://peovanemheino.blogspot.com/;heino.sinisalu@gmail.com
Ilja Golomb;http://mikrofon.ee/;Не найдено
Karl Pütsep;https://www.facebook.com/pulmaisakarl/?locale=et_EE;Facebook (пропущено)
Kuldar Pajula;http://www.kuldar.ee/;Не найдено
Leino Einer;https://www.facebook.com/Pulmaisajaohtujuht/?locale=et_EE;Facebook (пропущено)
Margo Hussar;http://www.margohussar.ee/;Не найдено
Martin Liivet;http://www.compere.ee/;Не найдено
Mikk Merekivi;https://www.facebook.com/pulmaisa/?locale=et_EE;Facebook (пропущено)
Norbert Kaareste;http://www.norbert.ee/;norbert@mail.ee
Piret Kirsipuu;http://www.pulmajuht.ee/;ragnar@meego.ee
Priit Jaeger;http://www.pulmaisapriit.eu/;priitjaeger@gmail.com
Priit Oks;https://www.facebook.com/%C3%95htujuht-ja-pulmaisa-PRIIT-OKS-547271295283881;Facebook (пропущено)
Raul Vester;http://www.tantsumuusika.ee/;helina@tantsumuusika.ee
Regina Mathisen;http://www.tuba.ee/;Не найдено
Reigo Kimmel;http://ohtujuht.ee/;reigo@kimmel.ee
Sass Nixon;https://et-ee.facebook.com/vdjnixonsass;Facebook (пропущено)
Sten Sumberg;https://www.facebook.com/ohtujuhtdj;Facebook (пропущено)
Tarmo Hints;http://www.ohtujuht.eu/;hintsconsult@gmail.com
Tarmo Lamp;http://www.tarmolamp.eu/;Не найдено
Toomas Krall;https://www.toomaskrall.com/;0e6a29e4756740a8a63493e912ba2174@sentry.wixpress.com, 271e9fa3230b4eec94b02bf95780f5f2@sentry.wixpress.com, 460ff4620fa44cba8df530afde949785@sentry.wixpress.com, 605a7baede844d278b89dc95ae0a9123@sentry-next.wixpress.com, 8eb368c655b84e029ed79ad7a5c1718e@sentry.wixpress.com, baf30a2b91654c5a840931f0137bed30@sentry.wixpress.com, ed436f5053144538958ad06a5005e99a@sentry.wixpress.com
Tõnu Einasto;http://www.juubel.ee/;pidu@juubel.ee
Urmas Lass;https://www.facebook.com/peokorraldaja;Facebook (пропущено)
Vahur Jüris;http://www.peojuht.com/;Не найдено
Veiko Veiert;http://www.vlv.ee/;veiko@vlv.ee
